PLAYER_ID,LEAGUE_ID,Team_ID,GP,GS,MIN,FGM,FGA,FG_PCT,FG3M,FG3A,FG3_PCT,FTM,FTA,FT_PCT,OREB,DREB,REB,AST,STL,BLK,TOV,PF,PTS
2544,00,0,1421,1419,54092.0,14152,28044,0.504635,2261,6563,0.344507,8087,11000,0.735181,1666,9001,10667,10420,2186,1073,4966,2604,38652
